{
    "metadata": {
        "generator": "io_three",
        "version": 3,
        "faces": 30,
        "vertices": 40,
        "materials": 5,
        "type": "Geometry",
        "uvs": 0,
        "normals": 8
    },
    "name": "Cube.002Geometry.2",
    "faces": [35,0,1,2,3,1,0,1,2,3,35,4,7,6,5,1,4,5,6,7,35,0,4,5,1,1,0,4,7,1,35,1,5,6,2,1,1,7,6,2,35,2,6,7,3,1,2,6,5,3,35,4,0,3,7,1,4,0,3,5,35,8,9,10,11,0,0,1,2,3,35,12,15,14,13,0,4,5,6,7,35,8,12,13,9,0,0,4,7,1,35,9,13,14,10,0,1,7,6,2,35,10,14,15,11,0,2,6,5,3,35,12,8,11,15,0,4,0,3,5,35,16,17,18,19,4,0,1,2,3,35,20,23,22,21,4,4,5,6,7,35,16,20,21,17,4,0,4,7,1,35,17,21,22,18,4,1,7,6,2,35,18,22,23,19,4,2,6,5,3,35,20,16,19,23,4,4,0,3,5,35,24,25,26,27,3,0,1,2,3,35,28,31,30,29,3,4,5,6,7,35,24,28,29,25,3,0,4,7,1,35,25,29,30,26,3,1,7,6,2,35,26,30,31,27,3,2,6,5,3,35,28,24,27,31,3,4,0,3,5,35,32,33,34,35,2,0,1,2,3,35,36,39,38,37,2,4,5,6,7,35,32,36,37,33,2,0,4,7,1,35,33,37,38,34,2,1,7,6,2,35,34,38,39,35,2,2,6,5,3,35,36,32,35,39,2,4,0,3,5],
    "materials": [{
        "visible": true,
        "specularCoef": 50,
        "DbgColor": 15658734,
        "wireframe": false,
        "colorEmissive": [0.0,0.0,0.0],
        "DbgIndex": 0,
        "colorSpecular": [0.5,0.5,0.5],
        "blending": "NormalBlending",
        "DbgName": "Lambert",
        "transparent": false,
        "opacity": 0.0,
        "depthWrite": true,
        "shading": "phong",
        "colorDiffuse": [0.6400000190734865,0.6400000190734865,0.6400000190734865],
        "colorAmbient": [0.6400000190734865,0.6400000190734865,0.6400000190734865],
        "depthTest": true
    },{
        "visible": true,
        "specularCoef": 50,
        "DbgColor": 15597568,
        "wireframe": false,
        "colorEmissive": [0.0,0.0,0.0],
        "DbgIndex": 1,
        "colorSpecular": [0.5,0.5,0.5],
        "blending": "NormalBlending",
        "DbgName": "Oren-Nayar",
        "transparent": false,
        "opacity": 0.0,
        "depthWrite": true,
        "shading": "phong",
        "colorDiffuse": [0.6400000190734865,0.6400000190734865,0.6400000190734865],
        "colorAmbient": [0.6400000190734865,0.6400000190734865,0.6400000190734865],
        "depthTest": true
    },{
        "visible": true,
        "specularCoef": 50,
        "DbgColor": 60928,
        "wireframe": false,
        "colorEmissive": [0.0,0.0,0.0],
        "DbgIndex": 2,
        "colorSpecular": [0.5,0.5,0.5],
        "blending": "NormalBlending",
        "DbgName": "Toon",
        "transparent": false,
        "opacity": 0.0,
        "depthWrite": true,
        "shading": "phong",
        "colorDiffuse": [0.6400000190734865,0.6400000190734865,0.6400000190734865],
        "colorAmbient": [0.6400000190734865,0.6400000190734865,0.6400000190734865],
        "depthTest": true
    },{
        "visible": true,
        "specularCoef": 50,
        "DbgColor": 238,
        "wireframe": false,
        "colorEmissive": [0.0,0.0,0.0],
        "DbgIndex": 3,
        "colorSpecular": [0.5,0.5,0.5],
        "blending": "NormalBlending",
        "DbgName": "Minnaert",
        "transparent": false,
        "opacity": 0.0,
        "depthWrite": true,
        "shading": "phong",
        "colorDiffuse": [0.6400000190734865,0.6400000190734865,0.6400000190734865],
        "colorAmbient": [0.6400000190734865,0.6400000190734865,0.6400000190734865],
        "depthTest": true
    },{
        "visible": true,
        "specularCoef": 50,
        "DbgColor": 15658496,
        "wireframe": false,
        "colorEmissive": [0.0,0.0,0.0],
        "DbgIndex": 4,
        "colorSpecular": [0.5,0.5,0.5],
        "blending": "NormalBlending",
        "DbgName": "Fresnel",
        "transparent": false,
        "opacity": 0.0,
        "depthWrite": true,
        "shading": "phong",
        "colorDiffuse": [0.6400000190734865,0.6400000190734865,0.6400000190734865],
        "colorAmbient": [0.6400000190734865,0.6400000190734865,0.6400000190734865],
        "depthTest": true
    }],
    "uvs": [],
    "vertices": [-1.699772834777832,-1.0,-0.9999998807907104,-1.699772834777832,-0.9999999403953552,1.0,-3.699773073196411,-0.9999999403953552,0.9999998807907104,-3.699772596359253,-1.0,-1.0000003576278687,-1.6997723579406738,0.9999999403953552,-0.9999995231628418,-1.6997735500335693,1.0,1.0000005960464478,-3.6997733116149902,1.0,0.9999995827674866,-3.699772834777832,0.9999999403953552,-1.0,-4.48593807220459,-1.0,-0.9999998807907104,-4.48593807220459,-0.9999999403953552,1.0,-6.48593807220459,-0.9999999403953552,0.9999998807907104,-6.485937595367432,-1.0,-1.0000003576278687,-4.485937595367432,0.9999999403953552,-0.9999995231628418,-4.485939025878906,1.0,1.0000005960464478,-6.485938549041748,1.0,0.9999995827674866,-6.48593807220459,0.9999999403953552,-1.0,6.140366554260254,-1.0,-0.9999998807907104,6.140366554260254,-0.9999999403953552,1.0,4.1403656005859375,-0.9999999403953552,0.9999998807907104,4.140366554260254,-1.0,-1.0000003576278687,6.140366554260254,0.9999999403953552,-0.9999995231628418,6.1403656005859375,1.0,1.0000005960464478,4.1403656005859375,1.0,0.9999995827674866,4.1403656005859375,0.9999999403953552,-1.0,3.5917811393737793,-1.0,-0.9999998807907104,3.5917811393737793,-0.9999999403953552,1.0,1.5917811393737793,-0.9999999403953552,0.9999998807907104,1.5917816162109375,-1.0,-1.0000003576278687,3.5917816162109375,0.9999999403953552,-0.9999995231628418,3.591780662536621,1.0,1.0000005960464478,1.591780662536621,1.0,0.9999995827674866,1.5917811393737793,0.9999999403953552,-1.0,1.0215983390808105,-1.0,-0.9999998807907104,1.0215983390808105,-0.9999999403953552,1.0,-0.9784018993377686,-0.9999999403953552,0.9999998807907104,-0.9784014225006104,-1.0,-1.0000003576278687,1.0215988159179688,0.9999999403953552,-0.9999995231628418,1.0215973854064941,1.0,1.0000005960464478,-0.9784021377563477,1.0,0.9999995827674866,-0.9784016609191895,0.9999999403953552,-1.0],
    "normals": [0.5773491859436035,-0.5773491859436035,-0.5773491859436035,0.5773491859436035,-0.5773491859436035,0.5773491859436035,-0.5773491859436035,-0.5773491859436035,0.5773491859436035,-0.5773491859436035,-0.5773491859436035,-0.5773491859436035,0.5773491859436035,0.5773491859436035,-0.5773491859436035,-0.5773491859436035,0.5773491859436035,-0.5773491859436035,-0.5773491859436035,0.5773491859436035,0.5773491859436035,0.5773491859436035,0.5773491859436035,0.5773491859436035]
}